Workbook

Sheet Read me
A1: Supplementary Material
A2: Is It the Landfill? A Systematic Review of Methods for Attributing Groundwater Contamination to Landfill Leachate
A4: Contents
A5: Table S1. Reports sought for retrieval but not retrieved (n = 14).
A6: Table S2. Studies included in the review, with extracted data and appraisal scores (n = 133).
A7: Table S3. Reports excluded after assessment of the full text, with reasons (n = 48).
A8: Table S4. Thesaurus applied to the author keywords in the keyword co-occurrence analysis.
A9: Table S5. Sensitivity of the method profile and regional distribution to the definition of the subset.
A11: Method categories used in Table S2
A12: 1 Major ion hydrochemistry and facies analysis
A13: 2 Conservative tracers based on chloride and bromide
A14: 3 Nitrogen species and redox indicators
... A31: Summary (computed from the tables)
A32: Studies included | B32: =COUNTA('Table S2 Included'!A5:A137) -> 133
A33: Mean score (0 to 4) | B33: =ROUND(AVERAGE('Table S2 Included'!Q5:Q137),2) -> 2.56
A34: Studies meeting at least 3 of 4 criteria | B34: =COUNTIF('Table S2 Included'!R5:R137,"Yes") -> 76
A35: Reports not retrieved (Table S1) | B35: =COUNTA('Table S1 Not retrieved'!A5:A18) -> 14
A36: Reports excluded (Table S3) | B36: =COUNTA('Table S3 Excluded'!A5:A52) -> 48

Sheet Table S1 Not retrieved
A1: Table S1. Reports sought but not retrieved (n = 14)
A2: Full texts could not be obtained through institutional access, open access sources or requests to the authors.
A4: Record | B4: First author | C4: Year | D4: Title | E4: Journal | F4: DOI | G4: Reason not retrieved
A5: S1-1 | B5: Foley et al. | C5: 2012 | D5: Chlorofluorocarbons as tracers of landfill leachate in surface and groundwater | E5: Quarterly Journal of Engineering Geology and Hydrogeology | F5: 10.1144/1470-9236/10-044 | G5: No institutional access, no open access version, no copy from authors or repositories
A6: S1-2 | B6: Rusu et al. | C6: 2017 | D6: Assessment of groundwater and surface water contamination by landfill leachate: A case study in Neamt County, Romania | E6: Environmental Engineering and Management Journal | F6: 10.30638/eemj.2017.065 | G6: No institutional access, no open access version, no copy from authors or repositories
A7: S1-3 | B7: Stefania et al. | C7: 2019 | D7: The hydrochemical database TANGCHIM, a tool to manage groundwater quality data: the case study of a leachate plume from a dumping area | E7: Rendiconti Online Della Societa Geologica Italiana | F7: 10.3301/ROL.2019.21 | G7: Only the abstract available; no full text located
A8: S1-4 | B8: Kaur et al. | C8: 2022 | D8: Assessing the risk of landfill leachate on the groundwater quality of Chandigarh | E8: Journal of Environmental Biology | F8: 10.22438/jeb/43/4/MRN-2097 | G8: No institutional access, no open access version, no copy from authors or repositories
A9: S1-5 | B9: Zamani et al. | C9: 2022 | D9: Physicochemical Analysis of Leachates from the Public Landfill of Guercif City Before Restoration and Impact on the Tafrata Water Table, Soil, and River Moulouya in Morocco | E9: Tropical Journal of Natural Product Research | F9: 10.26538/tjnpr/v6i4.7 | G9: DOI does not resolve; no copy located
A10: S1-6 | B10: Patnaik et al. | C10: 2024 | D10: Monitoring groundwater quality using principal component analysis | E10: Applied Geomatics | F10: 10.1007/s12518-024-00552-z | G10: No institutional access, no open access version, no copy from authors or repositories
A11: S1-7 | B11: Majee et al. | C11: 2024 | D11: Isotopic tracing of leachate percolation from municipal solid waste dump sites to groundwater in diverse climatic zones of India | E11: Environmental Science and Pollution Research | F11: 10.1007/s11356-024-32551-3 | G11: No institutional access, no open access version, no copy from authors or repositories
A12: S1-8 | B12: Bhagwat et al. | C12: 2024 | D12: Use of environmental isotopes in leachate studies through multiple isotopic analysis–a review | E12: Environmental Technology Reviews | F12: 10.1080/21622515.2024.2315098 | G12: No institutional access, no open access version, no copy from authors or repositories
A13: S1-9 | B13: Tangahu et al. | C13: 2024 | D13: THE DISTRIBUTION OF LEACHATE POLLUTANTS FROM THE JABON LANDFILL, SIDOARJO REGENCY | E13: Journal of Solid Waste Technology and Management | F13: 10.5276/jswtm/iswmaw/502/2024.527 | G13: No institutional access, no open access version, no copy from authors or repositories
A14: S1-10 | B14: Nguyen et al. | C14: 2025 | D14: Exploring relationships among landfill leachate parameters through multivariate analysis for monitoring purposes | E14: Waste Management and Research | F14: 10.1177/0734242X241265062 | G14: No institutional access, no open access version, no copy from authors or repositories
A15: S1-11 | B15: Gupta et al. | C15: 2025 | D15: Spatio-temporal variation in hydrochemistry, environmental isotopes and its suitability for drinking and irrigation, National Capital Region, Delhi | E15: Environmental Earth Sciences | F15: 10.1007/s12665-025-12594-6 | G15: No institutional access, no open access version, no copy from authors or repositories
A16: S1-12 | B16: Hussain et al. | C16: 2025 | D16: Landfill leachate analysis from selected landfill sites and its impact on groundwater quality, New Delhi, India | E16: Environment, Development and Sustainability | F16: 10.1007/s10668-023-04403-6 | G16: No institutional access, no open access version, no copy from authors or repositories
... A18: S1-14 | B18: Venkatesh et al. | C18: 2026 | D18: Assessment of groundwater quality using water quality index, multivariate statistical analysis and machine learning techniques in the vicinity of an open dumping yard | E18: Environment, Development and Sustainability | F18: 10.1007/s10668-024-05209-w | G18: No institutional access, no open access version, no copy from authors or repositories

Sheet Table S2 Included
A1: Table S2. Studies included in the review (n = 133)
A2: Method categories and appraisal criteria are defined in "Read me". Ordered by year and first author.
A4: Study | B4: First author | C4: Year | D4: Title | E4: Journal | F4: DOI | G4: Source | H4: Country | I4: Region | J4: Aquifer type | K4: Method categories | L4: Isotopic tracers used | M4: Q1 | N4: Q2 | O4: Q3 | P4: Q4 | Q4: Score (0 to 4) | R4: Meets at least 3 of 4 | S4: Key finding on discrimination | T4: Site note
A5: S2-1 | B5: Canton et al. | C5: 2010 | D5: Impact of solid waste disposal on nutrient dynamics in a sandy catchment | E5: Journal Of Contaminant Hydrology | F5: 10.1016/j.jconhyd.2010.04.006 | G5: Scopus (abstract re-screening) | H5: France | I5: Europe | J5: Sandy coastal lowland aquifer | K5: 1, 3, 9, 10 | M5: 1 | N5: 1 | O5: 1 | P5: 1 | Q5: =SUM(M5:P5) -> 4 | R5: =IF(Q5>=3,"Yes","No") -> Yes | S5: Chloride plume about 1700 m but ammonium plume under 800 m in a sandy aquifer exfiltrating to a stream: nitrification and cation exchange attenuate ammonium; ERT and self-potential delineate the plume.
A6: S2-2 | B6: Rahim et al. | C6: 2010 | D6: Deterioration of groundwater quality in the vicinity of an active open-tipping site in West Malaysia | E6: Hydrogeology Journal | F6: 10.1007/s10040-009-0567-3 | G6: Web of Science search | H6: Malaysia | I6: East & South-East Asia | J6: Shallow (unprotected natural soil) | K6: 1, 4 | M6: 1 | N6: 1 | O6: 1 | P6: 1 | Q6: =SUM(M6:P6) -> 4 | R6: =IF(Q6>=3,"Yes","No") -> Yes | S6: Open-tipping site: 40 leachate and 36 groundwater samples against background bicarbonate water; ionic balance error of about 13.5% shows a leachate-dominated groundwater body under the site.
A7: S2-3 | B7: Alslaibi et al. | C7: 2011 | D7: Assessment of groundwater quality due to municipal solid waste landfills leachate | E7: Journal of Environmental Science and Technology | F7: 10.3923/jest.2011.419.436 | G7: Scopus search | H7: Palestine (Gaza) | I7: MENA | K7: 1, 3, 4 | M7: 0 | N7: 0 | O7: 1 | P7: 1 | Q7: =SUM(M7:P7) -> 2 | R7: =IF(Q7>=3,"Yes","No") -> No | S7: 18 downstream wells at a lined and an unlined landfill, with GIS maps of 1995–2008 data: Cl and EC highest close to the landfills along the south-westward flow; nitrate may also come from fertiliser and manure.
A8: S2-4 | B8: Cozzarelli et al. | C8: 2011 | D8: Biogeochemical evolution of a landfill leachate plume, Norman, Oklahoma | E8: Ground Water | F8: 10.1111/j.1745-6584.2010.00792.x | G8: Scopus search | H8: USA | I8: Americas | J8: Alluvial sand and gravel | K8: 1, 3, 6, 9 | M8: 1 | N8: 0 | O8: 1 | P8: 1 | Q8: =SUM(M8:P8) -> 3 | R8: =IF(Q8>=3,"Yes","No") -> Yes | S8: Decade-long redox zonation at the Norman Landfill: NH4 retarded by sorption and CH4 oxidised, both measured against conservative chloride; electron-acceptor capacity depleting.
A9: S2-5 | B9: Pearce et al. | C9: 2011 | D9: Subsurface characterization of groundwater contaminated by landfill leachate using microbial community profile data and a nonparametric decision-making process | E9: Water Resources Research | F9: 10.1029/2010WR009992 | G9: Scopus (abstract re-screening) | H9: USA | I9: Americas | K9: 7, 10 | M9: 1 | N9: 1 | O9: 0 | P9: 1 | Q9: =SUM(M9:P9) -> 3 | R9: =IF(Q9>=3,"Yes","No") -> Yes | S9: Microbial community profiles (T-RFLP), reduced by PCA and clustered with a weighted self-organising map, reproduce the background, fringe and contaminated zones defined by hydrochemistry at an unlined landfill.
A10: S2-6 | B10: Castañeda et al. | C10: 2012 | D10: Environmental isotopes and major ions for tracing leachate contamination from a municipal landfill in Metro Manila, Philippines | E10: Journal Of Environmental Radioactivity | F10: 10.1016/j.jenvrad.2012.01.022 | G10: Scopus search | H10: Philippines | I10: East & South-East Asia | K10: 1, 5, 6 | L10: Tritium | M10: 1 | N10: 1 | O10: 1 | P10: 1 | Q10: =SUM(M10:P10) -> 4 | R10: =IF(Q10>=3,"Yes","No") -> Yes | S10: Tritium is the confirmatory leachate tracer where conservative ions are obscured by geogenic and other sources; tritium and leachate ions decline exponentially with distance.
A11: S2-7 | B11: Lopes et al. | C11: 2012 | D11: Geophysical technique and groundwater monitoring to detect leachate contamination in the surrounding area of a landfill - Londrina (PR - Brazil) | E11: Journal Of Environmental Management | F11: 10.1016/j.jenvman.2012.05.028 | G11: Scopus search | H11: Brazil | I11: Americas | K11: 1, 4, 10 | M11: 1 | N11: 0 | O11: 0 | P11: 1 | Q11: =SUM(M11:P11) -> 2 | R11: =IF(Q11>=3,"Yes","No") -> No | S11: Surface resistivity defines the plume and guides well placement; highest EC and alkalinity fall in wells inside the resistivity anomaly.
A12: S2-8 | B12: Oufline et al. | C12: 2012 | D12: Impact of human activities on the physico-chemical quality of surface water and groundwater in the north of Marrakech (Morocco) | E12: Environmental Technology | F12: 10.1080/09593330.2012.660644 | G12: Scopus search | H12: Morocco | I12: MENA | K12: 1, 7 | M12: 1 | N12: 0 | O12: 0 | P12: 1 | Q12: =SUM(M12:P12) -> 2 | R12: =IF(Q12>=3,"Yes","No") -> No | S12: PCA with upstream/downstream points separates three sources in the Marrakech plain: landfill leachate, wastewater spreading and mining; wastewater and mining dominate.
A13: S2-9 | B13: Thomsen et al. | C13: 2012 | D13: Application of a contaminant mass balance method at an old landfill to assess the impact on water resources | E13: Waste Management | F13: 10.1016/j.wasman.2012.06.014 | G13: Scopus search | H13: Denmark | I13: Europe | J13: Clay till over limestone aquifer | K13: 3, 4, 9 | M13: 1 | N13: 0 | O13: 1 | P13: 1 | Q13: =SUM(M13:P13) -> 3 | R13: =IF(Q13>=3,"Yes","No") -> Yes | S13: Contaminant mass balance quantifies landfill discharge: chloride 9.4 t/yr, of which 1.4 t/yr reaches the limestone aquifer; works for Cl and DOC, less well for NH4 because of attenuation.
A14: S2-10 | B14: Haarstad and Mæhlum | C14: 2013 | D14: Tracing solid waste leachate in groundwater using δ13 C from dissolved inorganic carbon | E14: Isotopes in Environmental and Health Studies | F14: 10.1080/10256016.2012.668902 | G14: Scopus search | H14: Norway | I14: Europe | J14: Fractured bedrock and glaciofluvial deposits | K14: 5 | L14: δ13C, Tritium | M14: 1 | N14: 1 | O14: 1 | P14: 1 | Q14: =SUM(M14:P14) -> 4 | R14: =IF(Q14>=3,"Yes","No") -> Yes | S14: Across several landfills, only δ13C-DIC differs significantly between unpolluted, weakly and strongly polluted groundwater: more sensitive than organics, salts, nutrients or metals.
A15: S2-11 | B15: Han et al. | C15: 2013 | D15: Evaluation of organic contamination in urban groundwater surrounding a municipal landfill, Zhoukou, China | E15: Environmental Monitoring and Assessment | F15: 10.1007/s10661-012-2801-z | G15: Scopus (abstract re-screening) | H15: China | I15: East & South-East Asia | J15: Shallow aquifer | K15: 7, 10 | M15: 0 | N15: 1 | O15: 1 | P15: 1 | Q15: =SUM(M15:P15) -> 3 | R15: =IF(Q15>=3,"Yes","No") -> Yes | S15: PAH diagnostic ratios and PCA identify the landfill body as the main source of groundwater organic contamination, while wastewater and irrigation return flow explain surface-water pollution. | T15: Same landfill as study S2-15
A16: S2-12 | B16: Milosevic et al. | C16: 2013 | D16: Combined isotope and enantiomer analysis to assess the fate of phenoxy acids in a heterogeneous geologic setting at an old landfill | E16: Water Research | F16: 10.1016/j.watres.2012.10.029 | G16: Web of Science search | H16: Denmark | I16: Europe | J16: Clay till | K16: 2, 5, 6 | L16: δ13C | M16: 0 | N16: 1 | O16: 0 | P16: 1 | Q16: =SUM(M16:P16) -> 2 | R16: =IF(Q16>=3,"Yes","No") -> No | S16: Chloride and water isotopes as conservative tracers delineate two leachate flow paths in clay till; compound-specific and enantiomer-specific isotope analysis assess herbicide transformation at the Risby landfill. | T16: Same landfill as study S2-9
A17: S2-13 | B17: Raco et al. | C17: 2013 | D17: A quick and reliable method to detect and quantify contamination from MSW landfills: A case study | E17: Water, Air, and Soil Pollution | F17: 10.1007/s11270-012-1380-5 | G17: Scopus (abstract re-screening) | H17: Greece | I17: Europe | J17: Alluvial graben sediments | K17: 1, 5, 6, 10 | L17: δ13C, Tritium | M17: 0 | N17: 1 | O17: 1 | P17: 1 | Q17: =SUM(M17:P17) -> 3 | R17: =IF(Q17>=3,"Yes","No") -> Yes | S17: Leachate, boreholes and streams at two landfills with δD, δ18O, tritium, δ13C-DIC and landfill gas: chloride and metals are ambiguous leachate tracers in marine-derived sediments, where natural values mimic or mask contamination.
A18: S2-14 | B18: Fernández et al. | C18: 2014 | D18: Identification and assessment of water pollution as a consequence of a leachate plume migration from a municipal landfill site (Tucumán, Argentina) | E18: Environmental Geochemistry and Health | F18: 10.1007/s10653-013-9576-1 | G18: Scopus search | H18: Argentina | I18: Americas | J18: Alluvial (fluvial bar, paleochannel) | K18: 1, 3, 4 | M18: 1 | N18: 1 | O18: 1 | P18: 1 | Q18: =SUM(M18:P18) -> 4 | R18: =IF(Q18>=3,"Yes","No") -> Yes | S18: Redox zonation along the plume (SO4, NO3, Fe, Mn reduction); NH4, COD and HCO3 identify a second leachate source near P12; plume extends 900 m. Groundwater background value used.
A19: S2-15 | B19: Han et al. | C19: 2014 | D19: Evaluation of the impact of an uncontrolled landfill on surrounding groundwater quality, Zhoukou, China | E19: Journal of Geochemical Exploration | F19: 10.1016/j.gexplo.2013.09.008 | G19: Scopus search | H19: China | I19: East & South-East Asia | J19: Shallow aquifer (<30 m) | K19: 1, 3, 6, 7 | M19: 0 | N19: 1 | O19: 1 | P19: 1 | Q19: =SUM(M19:P19) -> 3 | R19: =IF(Q19>=3,"Yes","No") -> Yes | S19: PCA identifies TDS, Cl, NH4, Fe and Mn as leachate indicators and separates them from irrigation return flow dominating the shallow aquifer in summer; δ18O/δ2H show common recharge.
A20: S2-16 | B20: Hossain et al. | C20: 2014 | D20: Impact of landfill leachate on surface and ground water quality | E20: Journal of Environmental Science and Technology | F20: 10.3923/jest.2014.337.346 | G20: Scopus (abstract re-screening) | H20: Bangladesh | I20: South Asia | K20: 1, 4 | M20: 0 | N20: 0 | O20: 1 | P20: 0 | Q20: =SUM(M20:P20) -> 1 | R20: =IF(Q20>=3,"Yes","No") -> No | S20: Rowfabad landfill (Chittagong): leachate, surface water and three groundwater points within 300 m, assessed against drinking-water standards; faecal coliforms and iron in groundwater.
A21: S2-17 | B21: Moreau and Minard | C21: 2014 | D21: Coupled nitrogen and oxygen isotope study of nitrate at a rural unlined landfill in Western Victoria, Australia | E21: American Journal of Environmental Sciences | F21: 10.3844/ajessp.2014.383.390 | G21: Scopus search | H21: Australia | I21: Oceania | J21: Shallow unconfined with palaeochannels | K21: 3, 5 | L21: δ15N and δ18O of nitrate | M21: 1 | N21: 1 | O21: 0 | P21: 1 | Q21: =SUM(M21:P21) -> 3 | R21: =IF(Q21>=3,"Yes","No") -> Yes | S21: Nitrate dual isotopes separate leachate-derived nitrate with denitrification downgradient from agricultural nitrate upgradient at a rural unlined landfill.
A22: S2-18 | B22: Syafalni et al. | C22: 2014 | D22: Isotopic and hydrochemistry fingerprinting of leachate migration in shallow groundwater at controlled and uncontrolled landfill sites | E22: World Applied Sciences Journal | F22: 10.5829/idosi.wasj.2014.31.06.217 | G22: Scopus search | H22: Malaysia | I22: East & South-East Asia | J22: Shallow groundwater | K22: 1, 6 | M22: 0 | N22: 1 | O22: 1 | P22: 1 | Q22: =SUM(M22:P22) -> 3 | R22: =IF(Q22>=3,"Yes","No") -> Yes | S22: Piper facies and δ2H/δ18O at a controlled and an uncontrolled landfill: enriched δ2H and δ18O shift mark leachate mixing in specific boreholes.
A23: S2-19 | B23: Abd El-Salam and Abu-Zuid | C23: 2015 | D23: Impact of landfill leachate on the groundwater quality: A case study in Egypt | E23: Journal Of Advanced Research | F23: 10.1016/j.jare.2014.02.003 | G23: Scopus search | H23: Egypt | I23: MENA | K23: 1, 4 | M23: 0 | N23: 0 | O23: 1 | P23: 0 | Q23: =SUM(M23:P23) -> 1 | R23: =IF(Q23>=3,"Yes","No") -> No | S23: Alexandria landfills: biodegradable, un-stabilised leachate (BOD5/COD 0.69), but groundwater near the lined cells not severely contaminated.
A24: S2-20 | B24: Atta et al. | C24: 2015 | D24: The potential impact of leachate-contaminated groundwater of an ex-landfill site at Taman Beringin Kuala Lumpur, Malaysia | E24: Environmental Earth Sciences | F24: 10.1007/s12665-014-3675-x | G24: Scopus (abstract re-screening) | H24: Malaysia | I24: East & South-East Asia | K24: 1, 4 | M24: 1 | N24: 1 | O24: 1 | P24: 1 | Q24: =SUM(M24:P24) -> 4 | R24: =IF(Q24>=3,"Yes","No") -> Yes | S24: Taman Beringin ex-landfill: four monitoring wells including an upstream one and six leachate points; COD, BOD, NH3-N, Cl, F and metals exceed standards downgradient.
A25: S2-21 | B25: Aziz and Maulood | C25: 2015 | D25: Contamination valuation of soil and groundwater source at anaerobic municipal solid waste landfill site | E25: Environmental Monitoring And Assessment | F25: 10.1007/s10661-015-4971-y | G25: Scopus (abstract re-screening) | H25: Iraq | I25: MENA | J25: Unconfined and leaky unconfined (conglomerate) | K25: 1, 4 | M25: 1 | N25: 0 | O25: 1 | P25: 1 | Q25: =SUM(M25:P25) -> 3 | R25: =IF(Q25>=3,"Yes","No") -> Yes | S25: Erbil landfill: leachate, soil and groundwater compared with unpolluted groundwater outside the landfill; leachate in the acid phase.
A26: S2-22 | B26: Graham et al. | C26: 2015 | D26: Field Measurement of Fluorescent Dissolved Organic Material as a Means of Early Detection of Leachate Plumes | E26: Water, Air, and Soil Pollution | F26: 10.1007/s11270-015-2475-6 | G26: Scopus search | H26: Australia | I26: Oceania | J26: Fractured rock | K26: 4, 9, 10 | M26: 1 | N26: 1 | O26: 1 | P26: 1 | Q26: =SUM(M26:P26) -> 4 | R26: =IF(Q26>=3,"Yes","No") -> Yes | S26: In-situ FDOM detects leachate at up to 98% dilution where major ions show no impact above background; photodegradable fluorescent whitening agents confirm the leachate origin.
A27: S2-23 | B27: He et al. | C27: 2015 | D27: Using fluorescence spectroscopy coupled with chemometric analysis to investigate the origin, composition, and dynamics of dissolved organic matter in leachate-polluted groundwater | E27: Environmental Science And Pollution Research | F27: 10.1007/s11356-014-4029-7 | G27: Scopus (abstract re-screening) | H27: China | I27: East & South-East Asia | K27: 4, 7, 10 | M27: 1 | N27: 0 | O27: 1 | P27: 1 | Q27: =SUM(M27:P27) -> 3 | R27: =IF(Q27>=3,"Yes","No") -> Yes | S27: EEM-PARAFAC with PCA separates upstream from downstream groundwater at a Beijing dumpsite; leachate raises the protein-like (microbial) DOM component.
A28: S2-24 | B28: Markic et al. | C28: 2015 | D28: ASSESSMENT OF THE IMPACT OF BANJALUKA LANDFILL ON GROUNDWATER QUALITY | E28: Carpathian Journal Of Earth And Environmental Sciences | G28: Web of Science search | H28: Bosnia and Herzegovina | I28: Europe | J28: Shallow (piezometers at 8 m) | K28: 1, 7 | M28: 1 | N28: 0 | O28: 1 | P28: 1 | Q28: =SUM(M28:P28) -> 3 | R28: =IF(Q28>=3,"Yes","No") -> Yes | S28: Banjaluka landfill: PCA of three piezometers and monthly leachate separates sites by pollution level; the piezometer outside the landfill influence clusters apart.
A29: S2-25 | B29: Porowska | C29: 2015 | D29: Determination of the origin of dissolved inorganic carbon in groundwater around a reclaimed landfill in Otwock using stable carbon isotopes | E29: Waste Management | F29: 10.1016/j.wasman.2015.01.044 | G29: Scopus search | H29: Poland | I29: Europe | K29: 5, 9 | L29: δ13C | M29: 1 | N29: 1 | O29: 0 | P29: 1 | Q29: =SUM(M29:P29) -> 3 | R29: =IF(Q29>=3,"Yes","No") -> Yes | S29: Keeling plot and two-component mixing separate DIC from aquifer organic matter and carbonate dissolution (background) from landfill organic-matter biodegradation (contaminated).
A30: S2-26 | B30: Wijesekara et al. | C30: 2015 | D30: Leachate plume delineation and lithologic profiling using surface resistivity in an open municipal solid waste dumpsite, Sri Lanka | E30: Environmental Technology | F30: 10.1080/09593330.2014.963697 | G30: Scopus search | H30: Sri Lanka | I30: South Asia | J30: Shallow/perched over bedrock at 3–5 m | K30: 10 | M30: 0 | N30: 0 | O30: 1 | P30: 1 | Q30: =SUM(M30:P30) -> 2 | R30: =IF(Q30>=3,"Yes","No") -> No | S30: 1D and 2D resistivity delineate the leachate plume and its flow toward the Mahaweli River; used to site permeable reactive barriers.
A31: S2-27 | B31: He and Fan | C31: 2016 | D31: Investigating the effect of landfill leachates on the characteristics of dissolved organic matter in groundwater using excitation–emission matrix fluorescence spectra coupled with fluorescence regional integration and self-organizing map | E31: Environmental Science And Pollution Research | F31: 10.1007/s11356-016-7308-7 | G31: Scopus (abstract re-screening) | H31: China | I31: East & South-East Asia | K31: 4, 7, 10 | M31: 1 | N31: 0 | O31: 1 | P31: 1 | Q31: =SUM(M31:P31) -> 3 | R31: =IF(Q31>=3,"Yes","No") -> Yes | S31: EEM with fluorescence regional integration and SOM: groundwater in the landfill matches the leachate fluorescence; fulvic-like matter decreases and protein-like matter increases with leachate pollution. | T31: Same landfill as study S2-23
A32: S2-28 | B32: Koda et al. | C32: 2016 | D32: Ammonium Concentration and Migration in Groundwater in the Vicinity of Waste Management Site Located in the Neighborhood of Protected Areas of Warsaw, Poland | E32: Sustainability | F32: 10.3390/su8121253 | G32: Web of Science search | H32: Poland | I32: Europe | K32: 1, 3 | M32: 0 | N32: 0 | O32: 0 | P32: 0 | Q32: =SUM(M32:P32) -> 0 | R32: =IF(Q32>=3,"Yes","No") -> No | S32: Radiowo landfill: ammonium in piezometers over two decades and the effect of a bentonite cut-off wall; neighbouring industrial and urban sources described as context only.
A33: S2-29 | B33: Lu et al. | C33: 2016 | D33: Assessment of major ions and heavy metals in groundwater: a case study from Guangzhou and Zhuhai of the Pearl River Delta, China | E33: Frontiers Of Earth Science | F33: 10.1007/s11707-015-0513-8 | G33: Scopus search | H33: China | I33: East & South-East Asia | J33: Regional (Pearl River Delta; basement weathering, seawater mixing) | K33: 1, 6 | M33: 0 | N33: 0 | O33: 0 | P33: 1 | Q33: =SUM(M33:P33) -> 1 | R33: =IF(Q33>=3,"Yes","No") -> No | S33: Regional study attributing Pb, As and Mn to landfill leachate and Cd to leachate plus agriculture, alongside mining and industrial sources.
A34: S2-30 | B34: Mangimbulude et al. | C34: 2016 | D34: Hydrochemical characterization of a tropical, coastal aquifer affected by landfill leachate and seawater intrusion | E34: Asian Journal Of Water Environment And Pollution | F34: 10.3233/AJW-160038 | G34: Scopus search | H34: Indonesia | I34: East & South-East Asia | J34: Coastal aquifer (seawater intrusion) | K34: 1, 2, 3, 4, 9 | M34: 1 | N34: 0 | O34: 1 | P34: 1 | Q34: =SUM(M34:P34) -> 3 | R34: =IF(Q34>=3,"Yes","No") -> Yes | S34: Separates seawater intrusion from leachate influence using Cl/SO4 and a conservative Cl mixing fraction against reference wells; landfill signal carried by NH4, COD, HCO3, Fe2+.
A35: S2-31 | B35: Porowska | C35: 2016 | D35: Assessment of a degree of geochemical maturation and activity of a closed landfill site in Poland | E35: Environmental Earth Sciences | F35: 10.1007/s12665-016-5256-7 | G35: Scopus (abstract re-screening) | H35: Poland | I35: Europe | K35: 4, 5 | L35: δ13C | M35: 1 | N35: 1 | O35: 0 | P35: 1 | Q35: =SUM(M35:P35) -> 3 | R35: =IF(Q35>=3,"Yes","No") -> Yes | S35: δ13C-DIC and BOD/COD of leachate-contaminated groundwater place the Otwock landfill between methanogenic and air-intrusion phases, still active 24 years after closure. | T35: Same landfill as study S2-25
A36: S2-32 | B36: Sanci and Panarello | C36: 2016 | D36: Carbon stable isotopes as indicators of the origin and evolution of CO2 and CH4 in urban solid waste disposal sites and nearby areas | E36: Environmental Earth Sciences | F36: 10.1007/s12665-015-4906-5 | G36: Web of Science search | H36: Argentina | I36: Americas | K36: 5, 6 | L36: δ13C | M36: 0 | N36: 1 | O36: 0 | P36: 1 | Q36: =SUM(M36:P36) -> 2 | R36: =IF(Q36>=3,"Yes","No") -> No | S36: δ13C and δ2H of CH4 and CO2 in soil gas and groundwater: rising DIC and δ13C-DIC enrichment (up to +4‰) record methanogenic carbon transported into the aquifer. | T36: Same landfill as study S2-33
A37: S2-33 | B37: Sanci et al. | C37: 2016 | D37: Hydrogeochemistry and stable isotopes of a solid waste disposal area from gualeguaychú, entreríos, Argentina | E37: Journal of Solid Waste Technology and Management | F37: 10.5276/JSWTM.2016.71 | G37: Scopus search | H37: Argentina | I37: Americas | J37: Unconfined aquifer (loess/alluvial plain) | K37: 1, 5, 6, 9 | L37: δ13C | M37: 1 | N37: 0 | O37: 1 | P37: 1 | Q37: =SUM(M37:P37) -> 3 | R37: =IF(Q37>=3,"Yes","No") -> Yes | S37: Geochemical mixing models of pristine water and leachate, with δ18O/δ2H, δ13C-DIC and δ13C-DOC, separate leachate from evaporation and marine ingression.
A38: S2-34 | B38: De et al. | C38: 2017 | D38: Appraisal of seasonal variation of groundwater quality near an uncontrolled municipal solid waste landfill in Kolkata, India | E38: Global Nest Journal | F38: 10.30955/gnj.002172 | G38: Scopus search | H38: India | I38: South Asia | K38: 1, 7 | M38: 1 | N38: 1 | O38: 1 | P38: 1 | Q38: =SUM(M38:P38) -> 4 | R38: =IF(Q38>=3,"Yes","No") -> Yes | S38: Dhapa landfill (Kolkata): HCA separates near-landfill samples from upstream samples in both seasons; Na–Cl facies closest to the site; reducing conditions near the landfill.
A39: S2-35 | B39: Ling and Zhang | C39: 2017 | D39: Evaluation of surface water and groundwater contamination in a MSW landfill area using hydrochemical analysis and electrical resistivity tomography: a case study in Sichuan province, Southwest China | E39: Environmental Monitoring and Assessment | F39: 10.1007/s10661-017-5832-7 | G39: Scopus search | H39: China | I39: East & South-East Asia | J39: Loose valley sediments | K39: 1, 4, 10 | M39: 1 | N39: 0 | O39: 1 | P39: 1 | Q39: =SUM(M39:P39) -> 3 | R39: =IF(Q39>=3,"Yes","No") -> Yes | S39: Leachate water pollution index against upstream background wells, with three ERT profiles and laboratory resistivity calibration; groundwater deteriorated up to 500 m downstream.
A40: S2-36 | B40: Maurya et al. | C40: 2017 | D40: Detailed landfill leachate plume mapping using 2D and 3D electrical resistivity tomography - with correlation to ionic strength measured in screens | E40: Journal Of Applied Geophysics | F40: 10.1016/j.jappgeo.2017.01.019 | G40: Web of Science search | H40: Denmark | I40: Europe | K40: 10 | M40: 0 | N40: 0 | O40: 0 | P40: 1 | Q40: =SUM(M40:P40) -> 1 | R40: =IF(Q40>=3,"Yes","No") -> No | S40: 2D and 3D ERT map the leachate plume of the unlined Grindsted landfill along and across the flow direction, correlated with ionic strength in well screens.
A41: S2-37 | B41: Moreira et al. | C41: 2017 | D41: DC resistivity investigation in a fractured aquifer system contaminated by leachate from an old dump | E41: Geofisica Internacional | G41: Web of Science search | H41: Brazil | I41: Americas | J41: Fractured granite | K41: 1, 10 | M41: 0 | N41: 1 | O41: 0 | P41: 1 | Q41: =SUM(M41:P41) -> 2 | R41: =IF(Q41>=3,"Yes","No") -> No | S41: 2D and 3D DC resistivity integrated with groundwater chemistry map leachate in a fractured aquifer beneath a dump closed in 2004.
A42: S2-38 | B42: Nigro et al. | C42: 2017 | D42: Application of boron and tritium isotopes for tracing landfill contamination in groundwater | E42: Journal Of Geochemical Exploration | F42: 10.1016/j.gexplo.2016.10.011 | G42: Scopus search | H42: Italy | I42: Europe | J42: Alluvial gravels | K42: 1, 5 | L42: Tritium, δ11B | M42: 1 | N42: 1 | O42: 0 | P42: 1 | Q42: =SUM(M42:P42) -> 3 | R42: =IF(Q42>=3,"Yes","No") -> Yes | S42: δ11B of 19.3‰ in uncontaminated vs 4.4–9.4‰ in contaminated groundwater; B–Cl correlation gives plume direction; tritium also separates the two.
A43: S2-39 | B43: de Medeiros Engelmann et al. | C43: 2017 | D43: Environmental monitoring of water resources around a municipal landfill of the Rio Grande do Sul state, Brazil | E43: Environmental Science And Pollution Research | F43: 10.1007/s11356-017-9725-7 | G43: Scopus search | H43: Brazil | I43: Americas | K43: 1, 3, 7 | M43: 1 | N43: 1 | O43: 1 | P43: 1 | Q43: =SUM(M43:P43) -> 4 | R43: =IF(Q43>=3,"Yes","No") -> Yes | S43: PCA/HCA on metals, anions and NH4 against three background points identify leakage at one piezometer (PZ3), marked by Cl, EC and alkali metals.
A44: S2-40 | B44: Balbarini et al. | C44: 2018 | D44: Geophysics-Based Contaminant Mass Discharge Quantification Downgradient of a Landfill and a Former Pharmaceutical Factory | E44: Water Resources Research | F44: 10.1029/2017WR021855 | G44: Web of Science search | H44: Denmark | I44: Europe | K44: 9, 10 | M44: 1 | N44: 0 | O44: 0 | P44: 1 | Q44: =SUM(M44:P44) -> 2 | R44: =IF(Q44>=3,"Yes","No") -> No | S44: DC resistivity and induced polarization support contaminant mass discharge estimates of chloride and pharmaceuticals (sulfonamides, barbiturates) downgradient of a landfill and a former pharmaceutical factory. | T44: Same landfill as study S2-36
A45: S2-41 | B45: Bugan et al. | C45: 2018 | D45: Pollution Plume Development in the Primary Aquifer at the Atlantis Historical Solid Waste Disposal Site, South Africa | E45: Geosciences | F45: 10.3390/geosciences8070231 | G45: Web of Science search | H45: South Africa | I45: Sub-Saharan Africa | J45: Unconfined sandy aquifer | K45: 1 | M45: 0 | N45: 0 | O45: 0 | P45: 1 | Q45: =SUM(M45:P45) -> 1 | R45: =IF(Q45>=3,"Yes","No") -> No | S45: Atlantis historical landfill: monitoring 1989 to 2017 shows the plume still active after three decades and moving slowly.
A46: S2-42 | B46: Krčmar et al. | C46: 2018 | D46: Preremedial assessment of the municipal landfill pollution impact on soil and shallow groundwater in Subotica, Serbia | E46: Science Of The Total Environment | F46: 10.1016/j.scitotenv.2017.09.283 | G46: Scopus (abstract re-screening) | H46: Serbia | I46: Europe | J46: Shallow groundwater | K46: 1, 4, 7 | M46: 0 | N46: 1 | O46: 1 | P46: 1 | Q46: =SUM(M46:P46) -> 3 | R46: =IF(Q46>=3,"Yes","No") -> Yes | S46: Subotica landfill: landfill water pollution index 3.6 to 8.9, Nemerow index, PCA and factor analysis of groundwater and soil; PAH diagnostic ratios indicate pyrogenic soil contamination.
A47: S2-43 | B47: Ojo-Awo et al. | C47: 2018 | D47: Refuse dumpsite and its associated pollutants: Spatial variations of the impact of leachates on groundwater quality | E47: Management Of Environmental Quality | F47: 10.1108/MEQ-08-2017-0077 | G47: Scopus search | H47: Nigeria | I47: Sub-Saharan Africa | K47: 1 | M47: 1 | N47: 0 | O47: 0 | P47: 1 | Q47: =SUM(M47:P47) -> 2 | R47: =IF(Q47>=3,"Yes","No") -> No | S47: Upstream control, dump vicinity and downstream stations: significant spatial differences, leachate impact concentrated within 200 m of the dump.
A48: S2-44 | B48: Ramaroson et al. | C48: 2018 | D48: Tritium as tracer of groundwater pollution extension: case study of Andralanitra landfill site, Antananarivo-Madagascar | E48: Applied Water Science | F48: 10.1007/s13201-018-0695-9 | G48: Web of Science search | H48: Madagascar | I48: Sub-Saharan Africa | K48: 5, 6 | L48: Tritium | M48: 1 | N48: 1 | O48: 0 | P48: 1 | Q48: =SUM(M48:P48) -> 3 | R48: =IF(Q48>=3,"Yes","No") -> Yes | S48: Tritium of 22.8 and 10.4 TU only in two dug wells beside the Andralanitra landfill, natural values (0.2 to 1.4 TU) upstream and further downstream: sharp delineation of plume extent.
A49: S2-45 | B49: Rana et al. | C49: 2018 | D49: Indexing method for assessment of pollution potential of leachate from non-engineered landfill sites and its effect on ground water quality | E49: Environmental Monitoring and Assessment | F49: 10.1007/s10661-017-6417-1 | G49: Scopus (abstract re-screening) | H49: India | I49: South Asia | K49: 1, 4 | M49: 0 | N49: 0 | O49: 1 | P49: 1 | Q49: =SUM(M49:P49) -> 2 | R49: =IF(Q49>=3,"Yes","No") -> No | S49: LPI of 26 to 28 at three non-engineered landfills (Chandigarh, Mohali, Panchkula) and WQI of groundwater at five distances from each site.
A50: S2-46 | B50: Slavinskienė et al. | C50: 2018 | D50: Evolution of inorganic pollutants from landfills in shallow aquifers of different hydrogeological systems in Lithuania | E50: Environmental Science And Pollution Research | F50: 10.1007/s11356-018-3334-y | G50: Scopus search | H50: Lithuania | I50: Europe | J50: Three systems: open, semi-open, closed | K50: 1, 7, 9 | M50: 1 | N50: 1 | O50: 1 | P50: 1 | Q50: =SUM(M50:P50) -> 4 | R50: =IF(Q50>=3,"Yes","No") -> Yes | S50: HCA delineates hydrochemical zones in leachate-polluted groundwater at three closed unlined landfills; geochemical modelling shows process intensity depends on the hydrogeological system.
A51: S2-47 | B51: Srivastava and Ramanathan | C51: 2018 | D51: Assessment of landfills vulnerability on the groundwater quality located near floodplain of the perennial river and simulation of contaminant transport | E51: Modeling Earth Systems And Environment | F51: 10.1007/s40808-018-0464-7 | G51: Web of Science search | H51: India | I51: South Asia | J51: Floodplain alluvium | K51: 1, 9 | M51: 0 | N51: 1 | O51: 0 | P51: 1 | Q51: =SUM(M51:P51) -> 2 | R51: =IF(Q51>=3,"Yes","No") -> No | S51: Landfills on a river floodplain: water quality index, trace-metal transport modelled with MODFLOW and MT3D; charge balance within 5%.
A52: S2-48 | B52: Stefania et al. | C52: 2018 | D52: Determination of trigger levels for groundwater quality in landfills located in historically human-impacted areas | E52: Waste Management | F52: 10.1016/j.wasman.2018.01.043 | G52: Scopus search | H52: Italy | I52: Europe | K52: 1, 3, 4, 7 | M52: 1 | N52: 0 | O52: 0 | P52: 1 | Q52: =SUM(M52:P52) -> 2 | R52: =IF(Q52>=3,"Yes","No") -> No | S52: Cluster analysis derives landfill trigger levels in a historically contaminated area and shows the plume downstream of a lined landfill comes from an older upgradient unlined one.
A53: S2-49 | B53: de Medeiros Engelmann et al. | C53: 2018 | D53: Environmental monitoring of a landfill area through the application of carbon stable isotopes, chemical parameters and multivariate analysis | E53: Waste Management | F53: 10.1016/j.wasman.2018.02.027 | G53: Scopus search | H53: Brazil | I53: Americas | K53: 1, 5, 7 | L53: δ13C | M53: 1 | N53: 1 | O53: 1 | P53: 1 | Q53: =SUM(M53:P53) -> 4 | R53: =IF(Q53>=3,"Yes","No") -> Yes | S53: δ13C-DIC of +20‰ in leachate vs −15‰ upstream and +16‰ downstream, with multivariate analysis, identifies contamination at two sites.
A54: S2-50 | B54: Alemayehu et al. | C54: 2019 | D54: Assessment of the impact of landfill leachate on groundwater and surrounding surface water: a case study of Mekelle city, Northern Ethiopia | E54: Sustainable Water Resources Management | F54: 10.1007/s40899-019-00328-z | G54: Scopus (abstract re-screening) | H54: Ethiopia | I54: Sub-Saharan Africa | J54: Carbonate (limestone and shale with evaporite layers) | K54: 1, 4 | M54: 0 | N54: 0 | O54: 1 | P54: 1 | Q54: =SUM(M54:P54) -> 2 | R54: =IF(Q54>=3,"Yes","No") -> No | S54: Separates geogenic from landfill sources on carbonate and evaporite geology: NO3, Cl and COD distinguish leachate from natural variation and serve as indicators.
A55: S2-51 | B55: Banch et al. | C55: 2019 | D55: Statistical evaluation of landfill leachate system and its impact on groundwater and surface water in Malaysia | E55: Sains Malaysiana | F55: 10.17576/jsm-2019-4811-10 | G55: Scopus search | H55: Malaysia | I55: East & South-East Asia | K55: 1, 4, 7 | M55: 0 | N55: 0 | O55: 1 | P55: 1 | Q55: =SUM(M55:P55) -> 2 | R55: =IF(Q55>=3,"Yes","No") -> No | S55: Cluster analysis groups groundwater with the aeration and stabilisation ponds of a closed landfill, separate from the collection pond and surface water.
A56: S2-52 | B56: Boateng et al. | C56: 2019 | D56: Heavy metal contamination assessment of groundwater quality: a case study of Oti landfill site, Kumasi | E56: Applied Water Science | F56: 10.1007/s13201-019-0915-y | G56: Scopus search | H56: Ghana | I56: Sub-Saharan Africa | K56: 1, 7 | M56: 0 | N56: 1 | O56: 1 | P56: 1 | Q56: =SUM(M56:P56) -> 3 | R56: =IF(Q56>=3,"Yes","No") -> Yes | S56: PCA separates lithogenic from anthropogenic (leachate) sources of heavy metals in boreholes and wells near the Oti landfill.
A57: S2-53 | B57: Hepburn et al. | C57: 2019 | D57: Contamination of groundwater with per- and polyfluoroalkyl substances (PFAS) from legacy landfills in an urban re-development precinct | E57: Environmental Pollution | F57: 10.1016/j.envpol.2019.02.018 | G57: Web of Science search | H57: Australia | I57: Oceania | K57: 1, 10 | M57: 1 | N57: 1 | O57: 0 | P57: 1 | Q57: =SUM(M57:P57) -> 3 | R57: =IF(Q57>=3,"Yes","No") -> Yes | S57: PFAS (26 to 5,200 ng/L) in groundwater within and below legacy landfills against an ambient background site, in an urban area with industrial point sources.
A58: S2-54 | B58: Jiang et al. | C58: 2019 | D58: Migration and evolution of dissolved organic matter in landfill leachate-contaminated groundwater plume | E58: Resources Conservation And Recycling | F58: 10.1016/j.resconrec.2019.104463 | G58: Scopus search | H58: China | I58: East & South-East Asia | J58: First water-table aquifer (16 m) | K58: 4, 7, 10 | M58: 0 | N58: 1 | O58: 1 | P58: 1 | Q58: =SUM(M58:P58) -> 3 | R58: =IF(Q58>=3,"Yes","No") -> Yes | S58: UV-vis, EEM-PARAFAC and PCA track DOM evolution along the plume; downstream DOM becomes higher molecular weight and less humified; pumping extends migration.
A59: S2-55 | B59: Kapelewska et al. | C59: 2019 | D59: Water pollution indicators and chemometric expertise for the assessment of the impact of municipal solid waste landfills on groundwater located in their area | E59: Chemical Engineering Journal | F59: 10.1016/j.cej.2018.11.137 | G59: Scopus search | H59: Poland | I59: Europe | J59: Shallow groundwater (≤9 m) | K59: 1, 4, 7 | M59: 1 | N59: 0 | O59: 1 | P59: 1 | Q59: =SUM(M59:P59) -> 3 | R59: =IF(Q59>=3,"Yes","No") -> Yes | S59: Landfill water pollution index, Nemerow index and PCA at two landfills: inflow vs outflow piezometers show impact strongest at the unlined closed landfill.
A60: S2-56 | B60: Kumari et al. | C60: 2019 | D60: Application of Principal Component Analysis and Correlation for Assessing Groundwater Contamination in and around Municipal Solid Waste Landfill of Ghazipur, Delhi | E60: Journal Of The Geological Society Of India | F60: 10.1007/s12594-019-1366-7 | G60: Scopus search | H60: India | I60: South Asia | J60: Younger alluvium | K60: 1, 3, 7 | M60: 0 | N60: 0 | O60: 1 | P60: 1 | Q60: =SUM(M60:P60) -> 2 | R60: =IF(Q60>=3,"Yes","No") -> No | S60: PCA (three factors, 75–80% of variance) plus concentrations declining with distance along flow identify the Ghazipur landfill as the point source.
A61: S2-57 | B61: Nyika and Onyari | C61: 2019 | D61: Hydrogeochemical Analysis and Spatial Distribution of Groundwater Quality in Roundhill Landfill Vicinity of South Africa | E61: Air Soil And Water Research | F61: 10.1177/1178622119872771 | G61: Web of Science search | H61: South Africa | I61: Sub-Saharan Africa | K61: 1 | M61: 0 | N61: 0 | O61: 0 | P61: 1 | Q61: =SUM(M61:P61) -> 1 | R61: =IF(Q61>=3,"Yes","No") -> No | S61: Roundhill landfill: three boreholes, Durov diagram and spatial distribution; Fe, Mn and NH4 exceed standards, highest at BH1. | T61: Same landfill as study S2-124
A62: S2-58 | B62: Onyekwelu and Aghamelu | C62: 2019 | D62: Impact of organic contaminants from dumpsite leachates on natural water sources in the Enugu Metropolis, southeastern Nigeria | E62: Environmental Monitoring And Assessment | F62: 10.1007/s10661-019-7719-2 | G62: Scopus (abstract re-screening) | H62: Nigeria | I62: Sub-Saharan Africa | J62: Semi-unconfined (weathered, fractured shale) | K62: 4, 7, 10 | M62: 1 | N62: 0 | O62: 1 | P62: 1 | Q62: =SUM(M62:P62) -> 3 | R62: =IF(Q62>=3,"Yes","No") -> Yes | S62: Leachate organic contaminants (phthalates, organic halogens, nonylphenol ethoxylate) traced into hand-dug wells up and down the flow gradient and into rivers; PCA and correlation analysis.
A63: S2-59 | B63: Preziosi et al. | C63: 2019 | D63: Disentangling natural and anthropogenic impacts on groundwater by hydrogeochemical, isotopic and microbiological data: Hints from a municipal solid waste landfill | E63: Waste Management | F63: 10.1016/j.wasman.2018.12.005 | G63: Web of Science search | H63: Italy | I63: Europe | K63: 1, 6, 10 | M63: 1 | N63: 1 | O63: 0 | P63: 1 | Q63: =SUM(M63:P63) -> 3 | R63: =IF(Q63>=3,"Yes","No") -> Yes | S63: Hydrogeochemical, isotopic and microbiological data show that high As, Mn and Fe near a landfill come from the natural reducing environment, while faecal and organic inputs enter through a specific recharge path.
A64: S2-60 | B64: Slavinskienė et al. | C64: 2019 | D64: Landfill leachate quantity and attenuation distance of inorganic contaminants in the groundwater of different hydrogeological systems: A case study of Lithuania | E64: Baltica | F64: 10.5200/baltica.2019.2.1 | G64: Scopus (abstract re-screening) | H64: Lithuania | I64: Europe | J64: Three systems: open, semi-open, closed | K64: 1, 3, 7, 9 | M64: 1 | N64: 0 | O64: 0 | P64: 1 | Q64: =SUM(M64:P64) -> 2 | R64: =IF(Q64>=3,"Yes","No") -> No | S64: About 2,000 groundwater samples: attenuation distances and degradation coefficients of NH4, K and Fe depend on waste volume and hydrogeological system; single-factor index against background values.
A65: S2-61 | B65: Stefania et al. | C65: 2019 | D65: Identification of groundwater pollution sources in a landfill site using artificial sweeteners, multivariate analysis and transport modeling | E65: Waste Management | F65: 10.1016/j.wasman.2019.06.010 | G65: Scopus search | H65: Italy | I65: Europe | K65: 1, 3, 7, 9, 10 | M65: 1 | N65: 1 | O65: 1 | P65: 1 | Q65: =SUM(M65:P65) -> 4 | R65: =IF(Q65>=3,"Yes","No") -> Yes | S65: Artificial sweeteners (ACE, SUC, SAC, CYC) with cluster/factor analysis and particle tracking separate an old unlined landfill, a newer lined MSW landfill and sewage effluent as sources. | T65: Same landfill as study S2-48
A66: S2-62 | B66: Vahabian et al. | C66: 2019 | D66: Assessment of landfill leachate in semi-arid climate and its impact on the groundwater quality case study: Hamedan, Iran | E66: Environmental Monitoring And Assessment | F66: 10.1007/s10661-019-7215-8 | G66: Scopus search | H66: Iran | I66: MENA | J66: Shallow alluvial plain aquifer (semi-arid) | K66: 1, 4, 7 | M66: 1 | N66: 0 | O66: 1 | P66: 1 | Q66: =SUM(M66:P66) -> 3 | R66: =IF(Q66>=3,"Yes","No") -> Yes | S66: PCA plus a factorial design (leachate age × distance from source) used to isolate the landfill contribution to groundwater contamination.
A67: S2-63 | B67: Aharoni et al. | C67: 2020 | D67: Holistic approach for evaluation of landfill leachate pollution potential – From the waste to the aquifer | E67: Science Of The Total Environment | F67: 10.1016/j.scitotenv.2020.140367 | G67: Scopus search | H67: Israel | I67: MENA | J67: Sandy coastal-plain aquifer | K67: 1, 2, 3, 7, 9 | M67: 0 | N67: 0 | O67: 1 | P67: 1 | Q67: =SUM(M67:P67) -> 2 | R67: =IF(Q67>=3,"Yes","No") -> No | S67: Vadose-zone monitoring plus wells: bromide from decomposing waste traces leachate; DOC normalised to Br shows over 90% degradation beyond dilution in the plume.
A68: S2-64 | B68: Al-Yaqout and Hamoda | C68: 2020 | D68: Long-term Temporal Variations in Characteristics of Leachates from a Closed Landfill in an Arid Region | E68: Water Air And Soil Pollution | F68: 10.1007/s11270-020-04688-7 | G68: Scopus search | H68: Kuwait | I68: MENA | J68: Shallow coastal (1.5 km from the Gulf) | K68: 1, 3, 4 | M68: 0 | N68: 0 | O68: 1 | P68: 0 | Q68: =SUM(M68:P68) -> 1 | R68: =IF(Q68>=3,"Yes","No") -> No | S68: Closed unlined landfill still methanogenic after 35 years (BOD/COD 0.04); groundwater heavily polluted by COD and NH4.
A69: S2-65 | B69: Baghanam et al. | C69: 2020 | D69: Spatiotemporal variation of water pollution near landfill site: Application of clustering methods to assess the admissibility of LWPI | E69: Journal Of Hydrology | F69: 10.1016/j.jhydrol.2020.125581 | G69: Scopus search | H69: Iran | I69: MENA | J69: Semi-arid | K69: 1, 4, 7 | M69: 1 | N69: 0 | O69: 1 | P69: 1 | Q69: =SUM(M69:P69) -> 3 | R69: =IF(Q69>=3,"Yes","No") -> Yes | S69: Landfill water pollution index compared with PCA and SOM clustering; inflow control points vs outflow show leachate penetration into surface and groundwater.
A70: S2-66 | B70: Dullius et al. | C70: 2020 | D70: An assessment of landfill leachate influences on water quality in the Boi Piguá river basin (Paraná, Brazil) using the TXRF technique | E70: Environmental Earth Sciences | F70: 10.1007/s12665-020-8834-7 | G70: Scopus search | H70: Brazil | I70: Americas | K70: 1, 7 | M70: 0 | N70: 1 | O70: 1 | P70: 1 | Q70: =SUM(M70:P70) -> 3 | R70: =IF(Q70>=3,"Yes","No") -> Yes | S70: TXRF elemental data with cluster analysis and PCA: river and water-table samples cluster with the leachate compositions of the new and old landfill areas.
A71: S2-67 | B71: Helene et al. | C71: 2020 | D71: Identification of leachate infiltration and its flow pathway in landfill by means of electrical resistivity tomography (ERT) | E71: Environmental Monitoring and Assessment | F71: 10.1007/s10661-020-8206-5 | G71: Scopus search | H71: Brazil | I71: Americas | K71: 10 | M71: 0 | N71: 0 | O71: 0 | P71: 1 | Q71: =SUM(M71:P71) -> 1 | R71: =IF(Q71>=3,"Yes","No") -> No | S71: Twelve ERT lines over three years distinguish leachate percolation zones from the natural environment beneath a closed cell with geomembrane failures.
A72: S2-68 | B72: Koliyabandara et al. | C72: 2020 | D72: Assessment of the impact of an open dumpsite on the surface water quality deterioration in Karadiyana, Sri Lanka | E72: Environmental Nanotechnology, Monitoring and Management | F72: 10.1016/j.enmm.2020.100371 | G72: Scopus (abstract re-screening) | H72: Sri Lanka | I72: South Asia | K72: 1, 7 | M72: 0 | N72: 0 | O72: 0 | P72: 0 | Q72: =SUM(M72:P72) -> 0 | R72: =IF(Q72>=3,"Yes","No") -> No | S72: Karadiyana dumpsite: stream and two groundwater wells, PCA, ANOVA and comprehensive pollution index; wells high in nitrate, ammonia and Fe. | T72: Same landfill as study S2-86
A73: S2-69 | B73: Lee et al. | C73: 2020 | D73: Application of stable isotopes and dissolved ions for monitoring landfill leachate contamination | E73: Environmental Geochemistry And Health | F73: 10.1007/s10653-019-00427-y | G73: Scopus search | H73: South Korea | I73: East & South-East Asia | J73: Fractured volcanic (andesite, rhyolite); unlined valley landfill | K73: 1, 3, 5, 6 | L73: δ13C | M73: 1 | N73: 1 | O73: 1 | P73: 1 | Q73: =SUM(M73:P73) -> 4 | R73: =IF(Q73>=3,"Yes","No") -> Yes | S73: Leachate δD and δ13C-DIC strongly enriched by methanogenesis; δD enrichment in nearby groundwater traces the leachate plume.
A74: S2-70 | B74: Najafi Saleh et al. | C74: 2020 | D74: Assessment of groundwater quality around municipal solid waste landfill by using Water Quality Index for groundwater resources and multivariate statistical technique: a case study of the landfill site, Qaem Shahr City, Iran | E74: Environmental Geochemistry And Health | F74: 10.1007/s10653-019-00417-0 | G74: Scopus search | H74: Iran | I74: MENA | K74: 1 | M74: 0 | N74: 0 | O74: 0 | P74: 0 | Q74: =SUM(M74:P74) -> 0 | R74: =IF(Q74>=3,"Yes","No") -> No | S74: WQI for groundwater with kriging around the Qaem Shahr landfill; deterioration attributed jointly to leachate, agriculture and fertiliser.
A75: S2-71 | B75: Abiriga et al. | C75: 2021 | D75: Long-term redox conditions in a landfill-leachate-contaminated groundwater | E75: Science Of The Total Environment | F75: 10.1016/j.scitotenv.2020.143725 | G75: Scopus search | H75: Norway | I75: Europe | J75: Confined glaciofluvial delta aquifer | K75: 1, 3 | M75: 1 | N75: 0 | O75: 0 | P75: 1 | Q75: =SUM(M75:P75) -> 2 | R75: =IF(Q75>=3,"Yes","No") -> No | S75: Three decades of data: redox zonation from sulfate-reducing to aerobic with distance, against a background well; S and Fe cycling truncated, N, Mn and C recycled.
A76: S2-72 | B76: Amano et al. | C76: 2021 | D76: Effect of waste landfill site on surface and ground water drinking quality | E76: Water and Environment Journal | F76: 10.1111/wej.12664 | G76: Scopus (abstract re-screening) | H76: Ghana | I76: Sub-Saharan Africa | K76: 1, 7 | M76: 0 | N76: 1 | O76: 0 | P76: 0 | Q76: =SUM(M76:P76) -> 1 | R76: =IF(Q76>=3,"Yes","No") -> No | S76: Kumasi landfill: WQI, heavy-metal pollution and evaluation indices and PCA for wells, boreholes and streams within 1.34 km. | T76: Same landfill as study S2-52
A77: S2-73 | B77: Andrei et al. | C77: 2021 | D77: Application of 2H and 18O Isotopes for Tracing Municipal Solid Waste Landfill Contamination of Groundwater: Two Italian Case Histories | E77: Water | F77: 10.3390/w13081065 | G77: Scopus search | H77: Italy | I77: Europe | J77: Two sites (Sardinia, Umbria) | K77: 1, 6 | M77: 0 | N77: 1 | O77: 1 | P77: 1 | Q77: =SUM(M77:P77) -> 3 | R77: =IF(Q77>=3,"Yes","No") -> Yes | S77: δ2H enrichment from methanogenesis in wells near leachate storage at two MSW landfills; δ2H correlates with Fe, Mn and Ni.
A78: S2-74 | B78: Karkocha | C78: 2021 | D78: ASSESSMENT OF CHANGES IN THE QUALITY OF GROUNDWATER IN THE REGION OF THE MUNICIPAL LANDFILL IN WOJKOWICE | E78: Acta Scientiarum Polonorum-Formatio Circumiectus | G78: Web of Science search | H78: Poland | I78: Europe | K78: 1 | M78: 1 | N78: 1 | O78: 0 | P78: 1 | Q78: =SUM(M78:P78) -> 3 | R78: =IF(Q78>=3,"Yes","No") -> Yes | S78: Wojkowice landfill: Backman and water pollution indices calculated against natural hydrochemical background values.
A79: S2-75 | B79: Ma et al. | C79: 2021 | D79: Molecular structure and evolution characteristics of dissolved organic matter in groundwater near landfill: Implications of the identification of leachate leakage | E79: Science of the Total Environment | F79: 10.1016/j.scitotenv.2021.147649 | G79: Scopus search | H79: China | I79: East & South-East Asia | J79: Multiple (12 landfills) | K79: 4, 7, 10 | M79: 1 | N79: 1 | O79: 1 | P79: 1 | Q79: =SUM(M79:P79) -> 4 | R79: =IF(Q79>=3,"Yes","No") -> Yes | S79: EEM fluorescence at 12 landfills: a peak at Ex 240–260/Em 440–460 nm absent in uncontaminated groundwater identifies leachate leakage; interpretable fluorescence method proposed.
A80: S2-76 | B80: Aharoni et al. | C80: 2022 | D80: Continuous monitoring of dissolved inorganic nitrogen (DIN) transformations along the waste-vadose zone - groundwater path of an uncontrolled landfill, using multiple N-species isotopic analysis | E80: Water Research | F80: 10.1016/j.watres.2022.118508 | G80: Scopus (abstract re-screening) | H80: Israel | I80: MENA | J80: Sandy coastal-plain aquifer | K80: 3, 5 | L80: δ15N and δ18O of nitrate | M80: 0 | N80: 0 | O80: 1 | P80: 1 | Q80: =SUM(M80:P80) -> 2 | R80: =IF(Q80>=3,"Yes","No") -> No | S80: Multi-species nitrogen isotopes along the waste, unsaturated zone and observation wells show the local leachate contribution to groundwater nitrate (up to 54 mg/L NO3-N against a background of 0.4 to 2.7). | T80: Same landfill as study S2-63
A81: S2-77 | B81: Benaddi et al. | C81: 2022 | D81: Impact of Landfill Leachate on Groundwater Quality – A Comparison Between Three Different Landfills in Morocco | E81: Journal Of Ecological Engineering | F81: 10.12911/22998993/153006 | G81: Scopus search | H81: Morocco | I81: MENA | K81: 1, 3, 4 | M81: 0 | N81: 0 | O81: 1 | P81: 0 | Q81: =SUM(M81:P81) -> 1 | R81: =IF(Q81>=3,"Yes","No") -> No | S81: Leachate from three Marrakech landfills (rural/urban, young/old) and downstream wells: well quality ranges medium to poor according to landfill type.
A82: S2-78 | B82: Butt et al. | C82: 2022 | D82: Geophysical and Geochemical Characterization of Solidwaste Dumpsite: A Case Study of Chowa Gujar, Peshawar (Part of Indus Basin) | E82: Sustainability (Switzerland) | F82: 10.3390/su14031443 | G82: Scopus search | H82: Pakistan | I82: South Asia | K82: 10 | M82: 0 | N82: 0 | O82: 0 | P82: 1 | Q82: =SUM(M82:P82) -> 1 | R82: =IF(Q82>=3,"Yes","No") -> No | S82: ERT and GPR delineate buried waste and a leachate plume reaching 8–14 m depth toward agricultural land and the water table.
A83: S2-79 | B83: El Fadili et al. | C83: 2022 | D83: A comprehensive health risk assessment and groundwater quality for irrigation and drinking purposes around municipal solid waste sanitary landfill: A case study in Morocco | E83: Environmental Nanotechnology, Monitoring & Management | F83: 10.1016/j.enmm.2022.100698 | G83: Scopus search | H83: Morocco | I83: MENA | K83: 1, 4, 7 | M83: 0 | N83: 1 | O83: 1 | P83: 1 | Q83: =SUM(M83:P83) -> 3 | R83: =IF(Q83>=3,"Yes","No") -> Yes | S83: Oum Azza landfill (Rabat region): LPI 29.1, WQI, Nemerow and irrigation indices, with PCA/HCA attributing groundwater deterioration around the landfill.
A84: S2-80 | B84: Jakóbczyk-Karpierz and Ślósarczyk | C84: 2022 | D84: Isotopic signature of anthropogenic sources of groundwater contamination with sulfate and its application to groundwater in a heavily urbanized and industrialized area (Upper Silesia, Poland) | E84: Journal of Hydrology | F84: 10.1016/j.jhydrol.2022.128255 | G84: Scopus search | H84: Poland | I84: Europe | J84: Triassic carbonate aquifer | K84: 1, 5 | L84: δ34S and δ18O of sulfate | M84: 0 | N84: 1 | O84: 1 | P84: 1 | Q84: =SUM(M84:P84) -> 3 | R84: =IF(Q84>=3,"Yes","No") -> Yes | S84: δ34S/δ18O-SO4 signatures of anthropogenic sulfate sources (fertiliser, wastewater, mine water, landfill leachate, waste dumps) applied to groundwater; raw landfill leachate contained no sulfate because of strongly reducing conditions.
A85: S2-81 | B85: Jiang et al. | C85: 2022 | D85: Identifying and Monitoring the Landfill Leachate Contamination in Groundwater with SEC-DAD-FLD-OCD and a Portable Fluorescence Spectrometer | E85: Acs Es&T Water | F85: 10.1021/acsestwater.1c00305 | G85: Scopus search | H85: China | I85: East & South-East Asia | J85: Multiple (24 landfills) | K85: 4, 7, 10 | M85: 1 | N85: 1 | O85: 1 | P85: 1 | Q85: =SUM(M85:P85) -> 4 | R85: =IF(Q85>=3,"Yes","No") -> Yes | S85: A leachate-specific humic-like fluorophore (Ex 250/310/365, Em 460 nm) is proposed as an intrinsic tracer; PCA separates contaminated from uncontaminated groundwater; 50 QSU threshold.
A86: S2-82 | B86: Koliyabandara et al. | C86: 2022 | D86: Characterization of landfill leachate at the Karadiyana open dumpsite, Sri Lanka, and assessment of water pollution in its vicinity | E86: Journal Of The National Science Foundation Of Sri Lanka | F86: 10.4038/jnsfsr.v50i1.10338 | G86: Scopus (abstract re-screening) | H86: Sri Lanka | I86: South Asia | K86: 1, 4, 10 | M86: 0 | N86: 0 | O86: 1 | P86: 1 | Q86: =SUM(M86:P86) -> 2 | R86: =IF(Q86>=3,"Yes","No") -> No | S86: Karadiyana: LPI 34; EEM fluorescence peaks in dug wells match leachate protein-like fractions, identifying contamination of drinking wells. | T86: Same landfill as study S2-86
A87: S2-83 | B87: Porowska | C87: 2022 | D87: Precipitation Method for Determination of Carbon and Oxygen Isotopes to Detect Groundwater Contamination Near a Municipal Landfill | E87: Periodica Polytechnica Chemical Engineering | F87: 10.3311/PPch.20266 | G87: Scopus (abstract re-screening) | H87: Poland | I87: Europe | K87: 5, 6 | L87: δ13C | M87: 1 | N87: 0 | O87: 0 | P87: 1 | Q87: =SUM(M87:P87) -> 2 | R87: =IF(Q87>=3,"Yes","No") -> No | S87: δ13C-DIC and δ18O of precipitated carbonate separate a natural groundwater zone from a leachate-contaminated zone at Otwock. | T87: Same landfill as study S2-25
A88: S2-84 | B88: Raco and Battaglini | C88: 2022 | D88: Tritium as a tool to assess leachate contamination: An example from Conversano landfill (Southern Italy) | E88: Journal of Geochemical Exploration | F88: 10.1016/j.gexplo.2021.106939 | G88: Scopus search | H88: Italy | I88: Europe | J88: Deep karst (179–462 m), marine intrusion | K88: 1, 2, 5, 6 | L88: Tritium | M88: 1 | N88: 1 | O88: 1 | P88: 1 | Q88: =SUM(M88:P88) -> 4 | R88: =IF(Q88>=3,"Yes","No") -> Yes | S88: Statistically defined tritium background thresholds identify leachate dispersion in a karst aquifer also affected by seawater intrusion and agriculture; tritium called the leachate tracer par excellence.
A89: S2-85 | B89: Rashid et al. | C89: 2022 | D89: Physicochemical Characterization and Evaluation of Seasonal Variations of Landfill Leachate and Groundwater Quality around Tanjaro Open Dump Area of Sulaymaniyah City, Kurdistan, Iraq | E89: Journal Of Chemistry | F89: 10.1155/2022/8574935 | G89: Scopus search | H89: Iraq | I89: MENA | K89: 1, 4 | M89: 0 | N89: 0 | O89: 1 | P89: 0 | Q89: =SUM(M89:P89) -> 1 | R89: =IF(Q89>=3,"Yes","No") -> No | S89: Seasonal leachate characterisation at the Tanjaro dumpsite (Sulaymaniyah) with three tube wells; groundwater not severely affected; correlation used descriptively.
A90: S2-86 | B90: Wijewardhana et al. | C90: 2022 | D90: Evaluation of the effect of landfill leachate on surface and groundwater quality: a case study in tropical Sri Lanka using the evidence of stable isotopes | E90: Environmental Monitoring And Assessment | F90: 10.1007/s10661-022-10282-7 | G90: Scopus search | H90: Sri Lanka | I90: South Asia | J90: Shallow groundwater | K90: 1, 3, 4, 5, 6 | L90: δ15N and δ18O of nitrate | M90: 1 | N90: 1 | O90: 1 | P90: 1 | Q90: =SUM(M90:P90) -> 4 | R90: =IF(Q90>=3,"Yes","No") -> Yes | S90: δ2H enrichment near the dumpsite marks leachate; δ15N/δ18O-NO3 point to manure, septic and sewage sources; parameters correlate with distance (δ2H r² = 0.9).
A91: S2-87 | B91: Alao et al. | C91: 2023 | D91: Geophysical and hydrochemical assessment of the risk posed by open dumpsite at Kaduna Central Market, Nigeria | E91: Sustainable Water Resources Management | F91: 10.1007/s40899-023-00948-6 | G91: Scopus search | H91: Nigeria | I91: Sub-Saharan Africa | J91: Weathered/fractured basement | K91: 1, 10 | M91: 1 | N91: 1 | O91: 0 | P91: 1 | Q91: =SUM(M91:P91) -> 3 | R91: =IF(Q91>=3,"Yes","No") -> Yes | S91: VES resistivity within and off the dumpsite shows low-resistivity plume in overburden and weathered zone; bedrock unaffected. Heavy metals in hand-dug wells.
A92: S2-88 | B92: Alao et al. | C92: 2023 | D92: Effects of dumpsite leachate plumes on surface and groundwater and the possible public health risks | E92: Science Of The Total Environment | F92: 10.1016/j.scitotenv.2023.165469 | G92: Scopus search | H92: Nigeria | I92: Sub-Saharan Africa | K92: 1, 10 | M92: 0 | N92: 0 | O92: 0 | P92: 1 | Q92: =SUM(M92:P92) -> 1 | R92: =IF(Q92>=3,"Yes","No") -> No | S92: Resistivity and hydrochemistry at six dumpsites: low-resistivity overburden and heavy metals in drinking water; questionnaire survey on health.
A93: S2-89 | B93: Alao et al. | C93: 2023 | D93: Evaluation of Groundwater contamination and the Health Risk Due to Landfills using integrated geophysical methods and Physiochemical Water Analysis | E93: Case Studies in Chemical and Environmental Engineering | F93: 10.1016/j.cscee.2023.100523 | G93: Scopus search | H93: Nigeria | I93: Sub-Saharan Africa | J93: Crystalline basement | K93: 1, 10 | M93: 1 | N93: 0 | O93: 0 | P93: 1 | Q93: =SUM(M93:P93) -> 2 | R93: =IF(Q93>=3,"Yes","No") -> No | S93: ERT and EM-VLF map conductive leachate zones (<9 Ωm, 0–10.5 m depth) against off-dumpsite values of 111–413 Ωm; wells, boreholes and streams analysed.
A94: S2-90 | B94: Alao et al. | C94: 2023 | D94: Investigation of groundwater vulnerability to open dumpsites and its potential risk using electrical resistivity and water analysis | E94: Heliyon | F94: 10.1016/j.heliyon.2023.e13265 | G94: Scopus search | H94: Nigeria | I94: Sub-Saharan Africa | K94: 1, 10 | M94: 1 | N94: 0 | O94: 0 | P94: 1 | Q94: =SUM(M94:P94) -> 2 | R94: =IF(Q94>=3,"Yes","No") -> No | S94: 29 VES in and around a Kaduna dumpsite with 17 off-dumpsite control stations: 2.4–17 Ωm within vs 68–611 Ωm outside; seven hand-dug wells analysed.
A95: S2-91 | B95: Aryampa et al. | C95: 2023 | D95: The Impact of Waste Disposal Sites on the Local Water Resources: A Case Study of the Kiteezi landfill, Uganda | E95: Ecohydrology & Hydrobiology | F95: 10.1016/j.ecohyd.2022.12.002 | G95: Scopus (abstract re-screening) | H95: Uganda | I95: Sub-Saharan Africa | K95: 1, 4 | M95: 0 | N95: 0 | O95: 1 | P95: 0 | Q95: =SUM(M95:P95) -> 1 | R95: =IF(Q95>=3,"Yes","No") -> No | S95: Kiteezi sanitary landfill: leachate treatment ineffective; leachate, surface water and groundwater exceed national standards.
A96: S2-92 | B96: Cerar et al. | C96: 2023 | D96: Impact assessment of the Gajke and Brstje landfills on groundwater status using stable and radioactive isotopes | E96: Geologija | F96: 10.5474/geologija.2023.014 | G96: Scopus search | H96: Slovenia | I96: Europe | J96: Gravel (former gravel pit) | K96: 5, 6 | L96: δ13C, Tritium | M96: 1 | N96: 1 | O96: 1 | P96: 1 | Q96: =SUM(M96:P96) -> 4 | R96: =IF(Q96>=3,"Yes","No") -> Yes | S96: δ18O, δ2H, δ13C-DIC, tritium and alkalinity at two landfills: high tritium and δ13C-DIC in leachate mark the plume; tritium the most reliable predictor.
A97: S2-93 | B97: Gupta and Janardhana Raju | C97: 2023 | D97: Potential environmental pollution study by leachate generation and health risk assessment in the vicinity of bandhwari landfill disposal site, National Capital Region, India | E97: Groundwater For Sustainable Development | F97: 10.1016/j.gsd.2023.101032 | G97: Scopus search | H97: India | I97: South Asia | K97: 1, 2, 5, 7 | L97: Tritium | M97: 0 | N97: 1 | O97: 1 | P97: 1 | Q97: =SUM(M97:P97) -> 3 | R97: =IF(Q97>=3,"Yes","No") -> Yes | S97: Cl/Br ratios, tritium, HCA and LPI at the Bandhwari landfill: leachate influence strongest near the site and moving in all directions. | T97: Same landfill as study S2-102
A98: S2-94 | B98: Hua et al. | C98: 2023 | D98: Multizone Aquatic Ecological Exposures to Landfill Contaminants from a Groundwater Plume Discharging to a Pond | E98: Environmental Toxicology And Chemistry | F98: 10.1002/etc.5650 | G98: Scopus (abstract re-screening) | H98: Canada | I98: Americas | K98: 1, 3, 10 | M98: 1 | N98: 0 | O98: 0 | P98: 1 | Q98: =SUM(M98:P98) -> 2 | R98: =IF(Q98>=3,"Yes","No") -> No | S98: Saccharin, ammonium, chloride and conductance trace a historic landfill plume upwelling into a pond against derived background values; exposure extends over a quarter to half of the pond.
A99: S2-95 | B99: Liu et al. | C99: 2023 | D99: Groundwater sulfate in the Pearl River Delta driven by urbanization: Spatial distribution, sources and factors | E99: Applied Geochemistry | F99: 10.1016/j.apgeochem.2023.105766 | G99: Scopus search | H99: China | I99: East & South-East Asia | J99: Regional (coastal alluvial, alluvial-proluvial, fissured, karst) | K99: 1, 7 | M99: 0 | N99: 0 | O99: 1 | P99: 1 | Q99: =SUM(M99:P99) -> 2 | R99: =IF(Q99>=3,"Yes","No") -> No | S99: Sulfate-rich groundwater in the Pearl River Delta traced to urbanisation factors; nine landfill leachates sampled show low SO4 (median 11 mg/L), so leachate is not the sulfate source.
A100: S2-96 | B100: Nguyen and Huynh | C100: 2023 | D100: Seasonal Variations in Groundwater Quality under Different Impacts Using Statistical Approaches | E100: Civil Engineering Journal-Tehran | F100: 10.28991/CEJ-2023-09-03-01 | G100: Scopus search | H100: Vietnam | I100: East & South-East Asia | J100: Coastal (Mekong Delta) | K100: 1, 7 | M100: 0 | N100: 0 | O100: 0 | P100: 1 | Q100: =SUM(M100:P100) -> 1 | R100: =IF(Q100>=3,"Yes","No") -> No | S100: PCA and cluster analysis identify six sources in coastal groundwater, among them landfill leachate (coliforms near the landfill), saltwater intrusion, wastewater and agriculture.
A101: S2-97 | B101: Obiri-Nyarko et al. | C101: 2023 | D101: Characterization of leachate, groundwater quality analysis, and evaluation of hydrogeochemical processes at the Kpone engineered landfill site, Ghana | E101: Sustainable Water Resources Management | F101: 10.1007/s40899-022-00794-y | G101: Scopus search | H101: Ghana | I101: Sub-Saharan Africa | K101: 1 | M101: 0 | N101: 1 | O101: 1 | P101: 1 | Q101: =SUM(M101:P101) -> 3 | R101: =IF(Q101>=3,"Yes","No") -> Yes | S101: Ionic ratios, CAI and PHREEQC separate silicate weathering and base exchange from leachate mixing; MW2 and MW3 affected, MW1 least affected.
...

Sheet Table S3 Excluded
A1: Table S3. Reports excluded after assessment of the full text, with reasons (n = 48)
A2: Ordered by reason category, then by year.
A4: Record | B4: First author | C4: Year | D4: Title | E4: Journal | F4: DOI | G4: Reason category | H4: Specific reason
A5: S3-1 | B5: Lotram et al. | C5: 2011 | D5: Contributions of the physico-chemical waste characterization for the study of the transfer of pollutants from a former urban landfill | E5: Techniques - Sciences - Methodes | F5: 10.1051/tsm/201110062 | G5: Full text not in English | H5: Full text in French
A6: S3-2 | B6: Azari et al. | C6: 2023 | D6: Influence of the Babolsar landfill leachate on groundwater quality | E6: Kharazmi Journal of Earth Sciences | F6: 10.22034/KJES.2023.9.1.106451 | G6: Full text not in English | H6: Full text in Persian
A7: S3-3 | B7: Cholcheh et al. | C7: 2025 | D7: Assessment of landfill and municipal wastewater impact on groundwater in the aquifer of Hamzeh city, northeast of Dezful, using the self-organizing map method | E7: Kharazmi Journal of Earth Sciences | F7: 10.22034/KJES.2025.11.2.108241 | G7: Full text not in English | H7: Full text in Persian
A8: S3-4 | B8: Katz et al. | C8: 2011 | D8: Using Cl/Br ratios and other indicators to assess potential impacts on groundwater quality from septic systems: A review and examples from principal aquifers in the United States | E8: Journal of Hydrology | F8: 10.1016/j.jhydrol.2010.11.017 | G8: Secondary literature (review) | H8: Secondary literature (review)
A9: S3-5 | B9: Han et al. | C9: 2016 | D9: A review of groundwater contamination near municipal solid waste landfill sites in China | E9: Science of the Total Environment | F9: 10.1016/j.scitotenv.2016.06.201 | G9: Secondary literature (review) | H9: Secondary literature (review)
A10: S3-6 | B10: Sankoh et al. | C10: 2022 | D10: A review on the application of isotopic techniques to trace groundwater pollution sources within developing countries | E10: Water (Switzerland) | F10: 10.3390/w14010035 | G10: Secondary literature (review) | H10: Secondary literature (review)
A11: S3-7 | B11: Gunarathne et al. | C11: 2024 | D11: Environmental pitfalls and associated human health risks and ecological impacts from landfill leachate contaminants: Current evidence, recommended interventions and future directions | E11: Science of the Total Environment | F11: 10.1016/j.scitotenv.2023.169026 | G11: Secondary literature (review) | H11: Secondary literature (review of leachate composition and risks)
A12: S3-8 | B12: Porowska | C12: 2024 | D12: Carbon and Sulfur Isotope Methods for Tracing Groundwater Contamination: A Review of Sustainable Utilization in Reclaimed Municipal Landfill Areas | E12: Sustainability (Switzerland) | F12: 10.3390/su16114507 | G12: Secondary literature (review) | H12: Secondary literature (review)
A13: S3-9 | B13: Oubeid et al. | C13: 2025 | D13: Global applications of stable isotopes for identifying nitrate pollution sources in groundwater: a comprehensive review | E13: Frontiers in Water | F13: 10.3389/frwa.2025.1666498 | G13: Secondary literature (review) | H13: Secondary literature (review)
A14: S3-10 | B14: Ford et al. | C14: 2011 | D14: Delineating landfill leachate discharge to an arsenic contaminated waterway | E14: Chemosphere | F14: 10.1016/j.chemosphere.2011.09.046 | G14: Not a municipal solid waste landfill | H14: Not a municipal solid waste landfill (military-base solid waste, incinerator ash and munitions; Superfund site)
A15: S3-11 | B15: Harte et al. | C15: 2012 | D15: Heterogeneous redox conditions, arsenic mobility, and groundwater flow in a fractured-rock aquifer near a waste repository site in New Hampshire, USA | E15: Hydrogeology Journal | F15: 10.1007/s10040-012-0844-4 | G15: Not a municipal solid waste landfill | H15: Hazardous-waste Superfund site, not MSW landfill; arsenic mobility focus
A16: S3-12 | B16: Kaown et al. | C16: 2015 | D16: Hydrogeochemical and microbial characteristics in aquifers contaminated with leachate from animal carcass disposal sites | E16: Environmental Earth Sciences | F16: 10.1007/s12665-014-3750-3 | G16: Not a municipal solid waste landfill | H16: Not MSW landfill leachate (animal carcass burial pits); microbial community focus
... A52: S3-48 | B52: Vaishna et al. | C52: 2025 | D52: Investigating combustion derived runoff from solid waste dumpyard fire suppression activities: chemical profile and environmental risks | E52: Environmental Science: Processes and Impacts | F52: 10.1039/d5em00343a | G52: No method linking groundwater composition to leachate | H52: No method linking groundwater composition to leachate (combustion-derived runoff from a dump fire)

Sheet Table S4 Thesaurus
A1: Table S4. Thesaurus applied to the keywords in the keyword co-occurrence analysis (Supplementary Figure S1)
A2: Keywords in the first column were replaced by the term in the second column. An empty second column means the keyword was removed: search terms, generic terms and terms describing the assessment of water quality and health risk.
A4: Keyword as found | B4: Replaced by
A5: water chemistry | B5: hydrogeochemistry
A6: heavy metal contamination | B6: heavy metals
A7: stable carbon isotopes | B7: carbon isotopes
A8: nitrate contamination | B8: nitrate
A9: groundwater contamination | B9: (removed)
A10: landfill leachate | B10: (removed)
A11: municipal solid waste landfill | B11: (removed)
A12: groundwater quality | B12: (removed)
A13: water quality index | B13: (removed)
A14: manganese | B14: (removed)
A15: lead | B15: (removed)
... A38: water pollution | B38: (removed)

Sheet Table S5 Sensitivity
A1: Table S5. Sensitivity of the method profile and regional distribution to the definition of the subset
A2: Percentages of studies in each subset. Scores are on the four-criterion appraisal (0 to 4). The upper tertile of the score distribution corresponds to a score of 3 or more.
A4: Subset | B4: n | C4: Major ions % | D4: Multivariate % | E4: Isotopic tracers % | F4: Water isotopes % | G4: Mixing % | H4: Geophysics % | I4: ≥3 categories % | J4: MENA+SSA %
A5: All studies | B5: 133 | C5: 74 | D5: 35 | E5: 22 | F5: 19 | G5: 16 | H5: 19 | I5: 49 | J5: 27
A6: ≥2 of 4 | B6: 111 | C6: 72 | D6: 37 | E6: 26 | F6: 21 | G6: 19 | H6: 18 | I6: 54 | J6: 23
A7: ≥3 of 4 (main) | B7: 76 | C7: 68 | D7: 41 | E7: 32 | F7: 26 | G7: 21 | H7: 16 | I7: 62 | J7: 18
A8: All 4 of 4 | B8: 24 | C8: 62 | D8: 38 | E8: 38 | F8: 25 | G8: 25 | H8: 29 | I8: 71 | J8: 0
A9: Upper tertile | B9: 76 | C9: 68 | D9: 41 | E9: 32 | F9: 26 | G9: 21 | H9: 16 | I9: 62 | J9: 18
A10: Background point (Q2) | B10: 70 | C10: 67 | D10: 36 | E10: 29 | F10: 20 | G10: 21 | H10: 21 | I10: 59 | J10: 17
A11: Leachate sampled (Q4) | B11: 87 | C11: 75 | D11: 39 | E11: 23 | F11: 20 | G11: 20 | H11: 14 | I11: 62 | J11: 26
